region,crop,farm_size_ha,rainfall_mm,avg_temp_c,fertilizer_kg_ha,soil_quality_index,market_access_score,yield_kg_ha,food_security_risk
Central Equatoria,Sorghum,2.55,1182.1,28.6,27.8,3.6,4.3,1051.2,Low
Lakes,Cassava,2.0,809.3,29.2,9.1,6.4,8.0,4171.3,Medium
Warrap,Groundnuts,4.47,839.3,31.2,3.2,4.4,4.2,630.4,Medium
Unity,Sorghum,1.96,519.5,28.8,8.3,2.5,3.6,551.3,High
Unity,Sorghum,3.18,,30.0,10.1,,9.1,762.0,Medium
Western Bahr el Ghazal,Sorghum,1.03,995.2,27.6,131.0,7.9,4.9,1359.6,Low
Central Equatoria,Cassava,0.48,,30.4,24.8,6.3,8.9,5388.6,Low
Warrap,Maize,2.8,682.3,29.9,3.6,9.1,1.9,1590.7,Low
Western Equatoria,Groundnuts,0.47,1387.3,31.2,8.0,5.8,6.1,979.3,Low
Central Equatoria,Maize,2.46,876.1,30.8,17.8,9.9,9.6,1974.8,Low
Upper Nile,Maize,0.7,557.7,30.5,7.0,5.8,5.1,1009.6,Medium
Northern Bahr el Ghazal,Sorghum,1.83,887.2,28.8,9.7,5.5,4.4,908.1,Low
Lakes,Cassava,4.52,765.7,29.6,4.8,3.2,2.4,3731.6,Medium
Lakes,Sorghum,2.33,855.4,31.7,2.2,7.5,7.4,865.4,Medium
Lakes,Maize,1.32,856.6,27.4,51.9,4.6,3.3,1366.1,Low
Lakes,Groundnuts,2.03,874.9,27.4,9.0,4.3,4.8,653.2,Medium
Upper Nile,Maize,1.06,679.5,29.5,18.6,7.8,2.3,1164.2,High
Eastern Equatoria,Cassava,5.62,767.0,30.0,7.4,7.6,8.4,4229.4,Medium
Western Bahr el Ghazal,Sorghum,0.91,883.9,26.9,60.1,7.5,7.5,1123.6,Low
Unity,Maize,1.42,562.9,28.8,16.0,4.8,4.9,932.1,High
Upper Nile,Maize,2.2,638.6,28.8,2.6,5.4,2.5,986.4,High
Jonglei,Maize,1.93,631.4,23.5,17.2,,8.4,787.6,Medium
Eastern Equatoria,Sorghum,2.08,875.5,28.5,21.4,6.9,4.2,958.8,Low
Northern Bahr el Ghazal,Sorghum,1.08,1095.3,28.6,2.1,8.3,2.6,1108.8,Low
Lakes,Sorghum,1.29,919.9,28.6,38.9,,1.1,1135.0,Low
Warrap,Sorghum,2.72,804.7,32.5,16.3,9.1,3.6,1119.7,Low
Unity,Maize,2.64,772.4,26.0,3.9,7.1,1.8,1354.7,Medium
Western Bahr el Ghazal,Maize,1.96,751.1,26.9,62.9,5.1,3.6,1160.5,Medium
Upper Nile,Maize,3.43,905.7,22.5,32.7,7.0,6.6,1658.7,Low
Unity,Maize,2.79,682.4,27.8,23.1,8.6,4.2,1209.1,Medium
Unity,Maize,2.59,749.9,28.0,1.0,9.1,5.8,1195.4,Medium
Western Equatoria,Sorghum,0.47,1043.6,27.7,75.9,7.6,3.4,1540.4,Low
Central Equatoria,Maize,1.95,767.5,31.8,12.0,5.5,5.1,1349.1,Low
Upper Nile,Sorghum,1.72,551.6,31.2,10.1,5.1,9.2,665.3,Medium
Western Bahr el Ghazal,Sorghum,3.71,908.5,29.2,1.3,6.5,4.2,960.8,Medium
Central Equatoria,Maize,1.37,1000.3,28.1,7.7,8.5,5.8,2079.7,Low
Western Bahr el Ghazal,Maize,1.63,1118.9,31.6,45.5,6.3,1.6,1819.8,Low
Western Bahr el Ghazal,Sorghum,0.7,810.2,29.0,44.8,6.3,8.3,1062.4,Low
Western Equatoria,Maize,0.79,839.4,27.0,2.2,5.6,4.0,1246.0,Medium
Warrap,Maize,3.72,690.3,24.7,12.4,4.9,7.3,1044.4,Medium
Eastern Equatoria,Groundnuts,2.07,662.3,27.9,30.5,5.2,4.7,411.7,High
Lakes,Maize,4.53,569.1,30.9,16.4,,6.3,893.1,High
Lakes,Groundnuts,1.35,560.1,34.7,6.3,8.6,6.5,556.3,High
Jonglei,Sorghum,0.54,686.4,29.2,23.7,5.1,4.0,723.3,Medium
Central Equatoria,Groundnuts,1.23,,27.1,16.2,5.6,7.4,980.6,Low
Northern Bahr el Ghazal,Maize,1.09,814.9,26.0,17.6,3.9,3.3,1044.7,Medium
Unity,Maize,2.39,638.5,30.4,4.3,6.8,6.7,999.9,Medium
Western Bahr el Ghazal,Maize,2.33,1174.1,24.6,12.8,8.0,4.1,1763.3,Low
Warrap,Maize,2.14,603.5,30.4,34.1,8.4,5.8,1066.9,High
Lakes,Maize,5.42,742.4,31.0,16.3,5.9,4.0,1371.5,Low
Lakes,Groundnuts,3.31,,30.1,23.1,6.5,5.1,1005.4,Low
Eastern Equatoria,Cassava,0.83,,28.5,10.9,5.2,,3259.8,High
Jonglei,Cassava,2.85,723.6,30.4,39.0,6.5,5.5,4017.6,Medium
Unity,Maize,1.56,830.4,29.4,2.9,6.1,5.1,1159.6,Medium
Unity,Maize,1.33,609.9,27.1,29.3,5.6,3.8,1168.4,Medium
Central Equatoria,Groundnuts,3.57,1081.3,33.6,4.8,,4.9,1054.4,Low
Upper Nile,Sorghum,0.8,840.6,28.1,7.1,6.3,5.3,947.5,Low
Eastern Equatoria,Groundnuts,2.73,664.5,30.9,53.9,5.0,3.6,498.5,High
Lakes,Maize,2.46,,23.0,12.8,5.1,4.7,1120.2,High
Warrap,Sorghum,0.79,846.8,32.2,14.3,8.6,2.8,1106.7,Low
Northern Bahr el Ghazal,Sorghum,0.46,,32.7,25.5,10.0,10.0,1621.1,Low
Lakes,Groundnuts,1.45,691.2,29.1,29.0,3.3,7.3,411.6,High
Jonglei,Sorghum,3.06,815.8,30.4,25.0,3.2,5.6,788.8,Medium
Northern Bahr el Ghazal,Sorghum,1.94,982.7,30.4,19.8,3.8,7.6,1208.5,Low
Unity,Sorghum,3.64,761.5,27.4,0.2,5.3,0.6,797.3,Medium
Jonglei,Sorghum,1.86,655.9,30.4,4.1,7.1,0.0,911.0,Medium
Northern Bahr el Ghazal,Sorghum,3.79,1144.5,27.0,7.9,6.6,4.1,1374.6,Low
Jonglei,Groundnuts,1.01,879.6,27.5,45.1,5.8,2.0,707.1,Medium
Central Equatoria,Sorghum,2.13,718.1,31.8,63.5,,4.5,876.2,Medium
Unity,Groundnuts,1.17,837.1,31.4,16.2,4.3,5.5,673.5,Medium
Lakes,Cassava,1.42,1108.5,27.2,11.5,5.1,7.0,5288.0,Low
Eastern Equatoria,Maize,1.63,866.2,27.2,80.3,5.5,2.5,1368.4,Medium
Unity,Sorghum,1.94,869.9,27.4,17.6,2.6,5.9,986.6,Low
Eastern Equatoria,Maize,0.92,728.7,30.8,30.8,3.4,,953.9,High
Warrap,Sorghum,2.07,549.5,26.5,20.6,3.5,5.8,629.8,High
Unity,Maize,1.58,379.2,29.9,11.3,6.9,,524.8,High
Jonglei,Cassava,0.56,847.9,30.9,14.1,5.9,8.0,4792.0,Low
Western Equatoria,Cassava,0.41,897.8,28.8,25.8,6.6,4.8,5726.5,Low
Upper Nile,Groundnuts,3.07,639.1,31.5,58.7,2.2,8.9,463.3,High
Warrap,Sorghum,1.37,789.4,28.2,14.2,2.8,3.3,814.3,High
Northern Bahr el Ghazal,Groundnuts,0.52,1084.3,28.5,13.0,6.7,6.6,747.6,Low
Unity,Groundnuts,4.19,437.9,26.6,1.4,0.5,4.9,273.0,High
Eastern Equatoria,Maize,2.2,648.6,31.5,3.2,7.7,4.3,796.8,High
Western Bahr el Ghazal,Maize,1.9,,27.1,0.2,2.2,6.4,1407.9,Low
Warrap,Sorghum,0.86,637.5,29.9,3.4,7.0,4.3,823.5,Medium
Lakes,Sorghum,0.56,903.9,28.8,37.2,3.9,0.0,1035.2,Medium
Central Equatoria,Maize,1.73,842.9,26.4,32.7,7.4,0.0,1288.6,Medium
Jonglei,Sorghum,1.51,891.5,27.5,37.3,10.0,7.8,1080.6,Low
Lakes,Sorghum,0.7,938.0,32.5,0.7,1.4,7.7,748.0,Medium
Western Bahr el Ghazal,Groundnuts,0.69,1126.5,29.5,27.2,6.8,9.2,1057.5,Low
Unity,Cassava,0.66,792.2,26.5,7.8,2.2,5.0,2764.7,High
Western Bahr el Ghazal,Maize,0.65,842.6,29.8,15.8,6.3,2.2,1408.2,Low
Western Bahr el Ghazal,Groundnuts,0.99,1182.4,28.6,53.9,5.1,4.1,1033.5,Low
Jonglei,Cassava,1.9,681.8,37.6,20.3,5.7,5.0,3736.9,Medium
Western Bahr el Ghazal,Sorghum,2.12,1054.3,29.7,3.1,3.9,2.8,1127.5,Low
Western Equatoria,Maize,1.49,1025.3,28.0,12.3,6.9,8.6,1801.1,Low
Western Equatoria,Maize,1.67,1059.3,32.6,77.6,2.9,,1539.9,Low
Warrap,Sorghum,2.18,849.3,24.4,57.1,7.7,6.1,861.8,Medium
Warrap,Groundnuts,0.35,672.2,29.2,38.8,4.8,5.0,594.6,Medium
Eastern Equatoria,Maize,1.76,513.4,34.0,3.4,3.0,2.2,629.6,High
Western Bahr el Ghazal,Maize,3.4,1146.2,28.7,4.1,8.4,8.4,1844.9,Low
Eastern Equatoria,Sorghum,1.35,743.8,24.7,2.5,5.4,5.2,853.2,Medium
Western Bahr el Ghazal,Sorghum,2.99,1187.7,28.0,3.5,8.9,4.4,1638.5,Low
Central Equatoria,Cassava,1.36,,32.6,0.3,7.7,6.1,5439.2,Low
Lakes,Sorghum,2.28,562.6,29.9,46.0,4.1,3.7,655.6,High
Lakes,Sorghum,1.88,918.3,26.9,29.8,5.3,5.3,858.4,Medium
Lakes,Sorghum,0.66,717.9,27.3,38.8,5.7,,864.9,Medium
Warrap,Maize,0.77,850.1,27.6,16.7,8.2,7.4,1541.0,Low
Unity,Maize,3.79,558.7,29.9,0.1,6.3,4.8,1044.5,High
Lakes,Maize,2.6,1020.1,32.3,15.5,5.8,7.5,1558.4,Low
Western Equatoria,Sorghum,1.43,855.1,31.6,1.6,5.1,4.6,886.0,Medium
Lakes,Sorghum,1.3,722.8,30.1,48.1,5.4,4.7,953.9,Medium
Upper Nile,Groundnuts,0.86,792.4,25.7,0.8,7.8,2.3,736.7,Medium
Unity,Maize,1.98,492.0,25.7,9.4,,6.7,673.2,High
Upper Nile,Maize,0.92,825.8,30.3,45.2,4.8,3.1,1762.5,Low
Upper Nile,Groundnuts,1.19,1018.1,25.6,38.2,4.5,3.9,759.2,Low
Central Equatoria,Groundnuts,0.98,842.0,28.4,43.0,4.5,5.0,721.3,Low
Eastern Equatoria,Sorghum,2.5,775.2,29.8,25.0,3.0,5.3,803.1,Medium
Western Equatoria,Maize,1.39,574.1,26.2,5.5,4.1,1.2,873.8,High
Eastern Equatoria,Maize,1.68,710.1,26.4,38.1,8.2,4.5,1313.1,Medium
Unity,Sorghum,0.66,608.9,28.8,49.3,5.1,6.7,688.2,High
Warrap,Groundnuts,0.98,676.0,30.3,50.0,6.8,4.2,641.3,Medium
Warrap,Maize,1.71,961.0,31.7,40.4,1.0,4.5,1090.3,High
Unity,Groundnuts,0.47,606.9,30.5,26.8,6.5,5.4,707.6,Medium
Western Bahr el Ghazal,Cassava,1.32,988.7,29.2,56.9,5.2,4.7,5659.7,Low
Upper Nile,Maize,1.52,719.7,27.1,39.6,4.6,2.7,1236.1,Medium
Central Equatoria,Cassava,0.61,628.1,26.3,1.8,5.8,4.9,3329.7,High
Lakes,Maize,2.9,603.6,27.7,8.7,4.6,7.2,879.4,High
Upper Nile,Cassava,1.92,920.4,30.0,10.6,1.7,2.7,3917.8,Medium
Warrap,Sorghum,1.38,482.3,29.8,49.8,7.2,4.2,490.9,High
Upper Nile,Maize,0.93,661.3,23.8,20.6,5.9,2.0,1073.9,High
Upper Nile,Maize,0.46,716.3,27.0,1.3,4.9,7.1,1039.2,Medium
Central Equatoria,Sorghum,2.76,1177.1,32.0,2.8,3.8,4.8,1254.9,Low
Upper Nile,Maize,1.12,,29.2,9.3,2.9,3.1,1062.1,High
Lakes,Cassava,0.54,689.8,25.5,6.2,5.9,5.2,3590.6,High
Jonglei,Maize,0.91,1005.3,34.9,4.4,8.4,2.4,1617.4,Low
Warrap,Sorghum,2.06,,28.9,7.9,5.9,2.7,905.0,Medium
Central Equatoria,Sorghum,1.8,1067.0,30.0,27.0,3.0,1.8,953.7,Low
Jonglei,Sorghum,0.71,605.8,30.0,30.6,5.9,2.7,753.9,Medium
Unity,Sorghum,3.08,816.8,28.1,64.8,5.4,8.0,1096.6,Low
Northern Bahr el Ghazal,Cassava,0.54,931.0,27.2,20.0,7.1,3.4,5538.4,Low
Western Equatoria,Maize,3.49,832.3,34.3,9.9,6.6,6.0,1167.5,Medium
Western Equatoria,Sorghum,1.75,954.0,31.5,13.3,0.1,3.2,652.6,High
Unity,Maize,1.17,697.4,31.1,1.1,6.5,6.7,1267.4,Low
Northern Bahr el Ghazal,Sorghum,1.29,917.8,30.4,9.7,3.7,2.7,784.2,Medium
Western Bahr el Ghazal,Sorghum,1.62,1098.4,26.5,5.4,2.9,5.1,1100.2,Low
Central Equatoria,Groundnuts,2.16,828.1,32.2,3.3,5.2,5.1,702.3,Low
Western Equatoria,Maize,0.41,1079.6,26.9,11.8,6.2,10.0,1867.2,Low
Western Bahr el Ghazal,Cassava,0.89,1081.7,29.7,3.5,2.5,6.4,5326.7,Low
Central Equatoria,Maize,1.58,906.5,24.9,1.7,6.8,3.7,1345.8,Medium
Western Bahr el Ghazal,Maize,3.15,949.1,23.9,23.6,6.9,6.5,1461.4,Low
Western Equatoria,Groundnuts,3.08,1009.3,29.8,36.0,5.6,9.7,988.1,Low
Northern Bahr el Ghazal,Cassava,3.94,1074.5,27.0,14.5,3.9,1.4,5095.8,Low
Western Equatoria,Groundnuts,2.99,1295.8,24.0,0.1,3.7,3.1,567.6,High
Unity,Cassava,0.85,796.8,30.4,11.4,7.3,4.5,5170.5,Low
Warrap,Groundnuts,1.52,945.2,34.3,1.3,,4.1,608.0,High
Eastern Equatoria,Cassava,3.0,1179.2,32.5,27.0,7.4,4.3,7213.4,Low
Upper Nile,Sorghum,2.81,853.7,28.4,49.4,5.2,2.1,1157.6,Low
Upper Nile,Groundnuts,1.33,849.0,29.0,20.8,5.3,8.1,736.9,Low
Lakes,Maize,2.12,879.0,31.2,6.4,2.4,1.9,1324.0,High
Northern Bahr el Ghazal,Maize,1.11,840.6,31.8,64.3,,4.6,1471.3,Low
Warrap,Groundnuts,0.51,732.2,28.1,26.6,,7.3,811.4,Low
Unity,Cassava,1.41,579.9,29.1,1.9,3.1,4.9,2432.4,High
Unity,Cassava,1.36,,29.8,5.3,6.4,2.8,4300.8,Medium
Unity,Sorghum,1.08,629.7,30.4,31.7,5.7,2.0,787.2,High
Western Bahr el Ghazal,Groundnuts,2.17,1036.1,28.7,5.5,4.3,4.5,812.3,Low
Jonglei,Groundnuts,1.3,972.8,28.7,17.1,7.0,3.3,1033.1,Low
Eastern Equatoria,Sorghum,1.98,845.4,32.4,11.5,1.5,,714.3,Medium
Jonglei,Sorghum,2.47,785.4,32.0,8.4,6.1,1.9,1111.3,Low
Central Equatoria,Sorghum,5.83,815.1,30.2,3.1,8.4,6.8,1273.8,Low
Eastern Equatoria,Groundnuts,1.43,886.2,33.3,29.1,8.1,5.3,915.8,Low
Central Equatoria,Maize,3.18,1031.7,28.0,23.7,6.2,5.4,1857.4,Low
Lakes,Cassava,1.78,532.5,33.1,50.6,5.0,8.2,3507.4,Medium
Lakes,Maize,1.85,726.4,30.4,6.7,4.4,4.0,935.0,High
Warrap,Cassava,1.44,823.6,37.2,1.1,5.0,3.4,3680.8,High
Unity,Maize,1.68,772.7,26.0,57.1,6.5,3.8,1608.0,Low
Lakes,Groundnuts,1.31,909.9,27.3,22.9,4.0,4.6,764.8,Low
Eastern Equatoria,Sorghum,2.84,758.5,30.0,0.1,6.9,4.8,855.6,Medium
Northern Bahr el Ghazal,Maize,0.92,1079.8,30.0,110.2,9.3,3.2,2396.6,Low
Upper Nile,Groundnuts,0.51,785.9,33.9,52.2,5.4,0.5,514.2,High
Northern Bahr el Ghazal,Cassava,1.05,890.9,27.3,10.6,3.1,3.8,4248.2,Medium
Eastern Equatoria,Groundnuts,0.98,676.7,31.3,22.6,3.1,5.8,476.9,Medium
Unity,Sorghum,1.05,658.7,31.9,7.9,6.9,5.3,859.6,Medium
Warrap,Maize,1.39,793.6,30.8,6.7,5.4,7.6,1402.0,Low
Unity,Sorghum,1.05,373.0,26.6,13.4,7.1,9.3,404.8,High
Unity,Sorghum,1.38,596.2,32.5,8.5,4.5,6.7,654.3,High
Eastern Equatoria,Groundnuts,1.06,724.3,32.1,9.4,7.0,8.0,547.1,Medium
Jonglei,Groundnuts,2.0,767.5,30.5,1.9,5.2,6.7,685.9,Low
Western Equatoria,Groundnuts,5.8,949.5,29.5,121.4,4.2,8.8,978.9,Low
Jonglei,Cassava,1.75,882.9,29.6,24.6,4.8,9.1,5547.6,Low
Warrap,Groundnuts,1.09,636.9,28.8,2.8,3.3,7.1,604.9,High
Warrap,Groundnuts,0.29,554.6,30.6,3.5,9.1,6.6,441.2,High
Warrap,Sorghum,4.62,746.5,29.1,32.9,5.3,4.5,809.0,Medium
Jonglei,Sorghum,1.82,924.3,26.9,200.0,6.7,4.9,1305.8,Low
Northern Bahr el Ghazal,Maize,1.37,1245.1,26.4,16.7,4.5,4.3,1723.2,Low
Central Equatoria,Cassava,0.29,,27.1,5.6,3.6,6.4,5143.7,Low
Jonglei,Sorghum,1.42,,29.6,113.1,5.1,3.4,730.2,Medium
Eastern Equatoria,Maize,1.67,681.0,28.9,25.3,7.5,4.6,1374.6,Low
Jonglei,Groundnuts,1.06,848.2,29.5,7.3,4.6,0.0,601.6,High
Northern Bahr el Ghazal,Sorghum,0.57,1018.6,30.3,19.0,3.9,8.8,921.5,Low
Jonglei,Maize,0.55,890.6,27.4,17.7,5.8,4.5,1280.9,Medium
Northern Bahr el Ghazal,Cassava,4.67,854.4,32.7,31.0,6.4,6.0,4881.9,Low
Unity,Groundnuts,1.64,665.6,28.3,23.7,8.5,8.2,571.9,Medium
Warrap,Sorghum,1.06,861.8,27.9,68.3,6.1,5.7,1071.5,Low
Unity,Cassava,1.57,779.7,30.2,40.9,6.7,8.2,4703.9,Low
Western Equatoria,Sorghum,1.5,865.7,24.4,11.1,6.8,2.3,922.4,Medium
Lakes,Cassava,0.53,721.6,27.0,63.7,3.4,10.0,4316.2,Low
Northern Bahr el Ghazal,Sorghum,2.72,586.4,31.5,8.1,3.8,7.4,587.7,High
Western Equatoria,Maize,1.35,893.3,24.7,13.0,,5.5,1457.4,Low
Lakes,Maize,1.65,694.7,31.8,1.2,3.1,8.1,941.1,High
Western Equatoria,Sorghum,3.72,833.6,32.8,33.3,6.9,2.4,1019.9,Low
Lakes,Cassava,0.59,798.3,28.1,21.8,6.0,4.4,4295.5,Low
Lakes,Sorghum,0.88,765.0,29.7,33.8,5.6,8.2,882.9,Low
Unity,Sorghum,1.88,317.0,31.8,83.4,0.8,0.9,257.4,High
Lakes,Sorghum,2.68,805.7,27.8,12.5,9.2,6.2,1002.8,Low
Western Equatoria,Groundnuts,0.99,847.3,31.2,35.5,3.9,6.2,743.9,Low
Central Equatoria,Groundnuts,1.03,988.4,27.3,27.0,9.2,9.3,930.9,Low
Central Equatoria,Cassava,2.29,723.3,27.8,56.0,2.9,,4105.9,Medium
Unity,Sorghum,5.51,,27.0,72.9,,8.5,696.9,Medium
Northern Bahr el Ghazal,Maize,1.61,949.5,29.9,53.8,1.5,,1444.8,Medium
Eastern Equatoria,Sorghum,0.88,761.4,31.9,16.5,6.2,4.0,885.6,Medium
Unity,Maize,0.71,674.6,28.5,5.5,3.5,2.3,1139.3,Medium
Lakes,Cassava,1.39,735.1,25.8,2.9,3.6,2.6,3134.0,High
Western Equatoria,Groundnuts,2.61,756.1,26.3,8.1,3.0,5.9,467.7,High
Lakes,Maize,7.05,551.8,30.0,12.9,6.9,2.6,875.1,High
Jonglei,Maize,1.24,722.1,33.6,68.6,6.8,6.6,1124.2,High
Western Bahr el Ghazal,Cassava,1.61,1014.1,30.0,11.4,8.8,3.5,5435.0,Low
Upper Nile,Maize,4.19,685.0,28.0,0.7,4.3,2.3,1087.8,Medium
Upper Nile,Sorghum,1.86,870.0,30.9,10.7,5.9,3.8,980.2,Low
Eastern Equatoria,Maize,1.76,674.0,28.4,11.9,3.2,5.7,902.5,High
Unity,Sorghum,3.69,511.1,28.1,7.1,4.9,4.4,519.8,High
Western Bahr el Ghazal,Sorghum,1.63,973.6,26.6,19.8,4.6,5.1,970.4,Low
Central Equatoria,Sorghum,0.75,949.5,32.5,13.2,6.3,6.5,1312.3,Low
Lakes,Maize,3.22,822.1,22.7,1.8,7.3,7.4,1282.3,Medium
Unity,Maize,0.47,937.6,31.0,16.3,7.3,4.3,1383.6,Medium
Lakes,Sorghum,2.88,673.1,27.8,36.8,4.0,2.7,789.5,High
Warrap,Maize,1.53,787.7,28.0,27.1,7.3,5.2,1370.6,Medium
Unity,Cassava,1.25,719.8,33.2,1.9,5.4,6.0,4853.7,Low
Jonglei,Groundnuts,1.22,806.1,27.2,64.3,,1.8,688.5,Medium
Warrap,Maize,1.39,723.7,27.3,20.6,4.2,3.0,1212.6,Medium
Eastern Equatoria,Sorghum,1.13,483.5,28.7,16.6,4.5,3.4,568.9,High
Upper Nile,Cassava,2.04,699.6,30.0,6.4,8.6,4.5,4143.1,Medium
Central Equatoria,Sorghum,1.15,754.5,27.9,44.8,6.1,3.3,827.9,High
Warrap,Sorghum,1.53,539.8,25.1,30.7,5.8,6.6,682.0,High
Warrap,Cassava,0.36,679.4,26.8,0.9,5.0,1.5,3851.1,Medium
Central Equatoria,Maize,1.53,758.5,32.2,2.7,9.9,1.5,1205.5,Medium
Lakes,Groundnuts,1.11,861.0,29.2,1.3,,4.3,700.4,Medium
Unity,Maize,2.75,746.0,30.1,19.7,4.2,4.6,788.2,High
Lakes,Groundnuts,1.28,637.8,28.3,149.2,5.0,1.8,709.7,Medium
Central Equatoria,Sorghum,2.5,876.6,27.4,64.4,5.1,3.7,1005.3,Medium
Eastern Equatoria,Sorghum,2.32,437.2,33.2,22.0,5.8,4.1,453.2,High
Unity,Sorghum,2.36,581.7,28.5,94.6,4.2,4.1,549.3,High
Eastern Equatoria,Sorghum,1.31,775.7,27.9,14.4,6.3,5.3,778.6,High
Jonglei,Cassava,1.59,933.4,31.7,8.4,8.1,3.5,5459.2,Low
Warrap,Sorghum,2.01,691.8,27.2,17.2,3.1,8.3,627.8,Medium
Eastern Equatoria,Maize,1.63,873.7,27.5,7.0,3.5,6.1,1268.8,Low
Warrap,Groundnuts,1.28,571.4,29.0,8.9,4.6,3.2,501.1,High
Eastern Equatoria,Groundnuts,0.8,528.8,29.0,18.7,4.7,5.2,563.6,Medium
Eastern Equatoria,Maize,1.54,822.3,29.6,25.0,,5.3,1578.0,Low
Upper Nile,Maize,0.51,1026.9,34.2,44.4,7.3,7.7,2139.9,Low
Lakes,Cassava,0.34,847.4,29.8,14.2,7.2,3.7,4595.3,Medium
Eastern Equatoria,Groundnuts,0.68,709.8,23.1,32.9,,6.7,494.0,High
Western Equatoria,Groundnuts,2.34,657.3,29.8,0.9,5.0,5.1,519.2,High
Northern Bahr el Ghazal,Cassava,1.79,688.6,29.1,6.3,2.9,8.3,2666.3,Medium
Northern Bahr el Ghazal,Groundnuts,2.35,1011.4,29.1,4.7,6.9,7.8,921.1,Low
Upper Nile,Sorghum,0.94,722.6,29.6,22.9,,5.4,771.7,Medium
Unity,Maize,2.93,490.0,28.9,3.3,7.8,4.4,649.8,High
Jonglei,Sorghum,0.55,819.5,28.9,111.1,5.1,6.1,1258.6,Low
Warrap,Groundnuts,0.7,816.0,30.5,20.2,5.2,4.6,657.4,Low
Upper Nile,Cassava,2.9,917.9,27.6,48.2,5.8,8.7,4403.3,Low
Western Equatoria,Maize,1.7,1007.0,26.6,2.0,7.1,5.2,1891.9,Low
Central Equatoria,Maize,2.36,1099.9,36.6,24.4,2.9,4.1,1432.5,Medium
Eastern Equatoria,Sorghum,1.79,717.1,27.2,37.0,6.8,4.0,996.5,Low
Northern Bahr el Ghazal,Cassava,1.03,974.7,29.3,22.6,5.5,2.3,5014.3,Low
Unity,Sorghum,0.64,815.5,25.3,18.9,3.6,6.2,775.7,Medium
Unity,Sorghum,0.4,509.1,29.3,32.4,1.7,3.2,495.3,High
Unity,Sorghum,4.41,1078.0,26.7,77.0,5.3,7.4,1408.2,Low
Lakes,Sorghum,0.46,829.7,27.9,23.4,8.1,2.2,1153.6,Low
Central Equatoria,Maize,3.61,972.7,31.6,47.5,8.5,5.3,1873.0,Low
Central Equatoria,Maize,1.64,994.4,30.2,11.2,6.1,7.5,1739.6,Low
Western Equatoria,Sorghum,1.83,,30.4,14.1,9.0,0.3,1560.3,Low
Unity,Sorghum,1.75,774.7,24.6,23.6,5.4,9.4,892.2,Low
Warrap,Sorghum,2.18,558.0,33.6,4.5,7.2,4.1,649.7,High
Unity,Maize,0.88,866.4,26.0,4.4,4.7,5.3,1087.1,High
Unity,Sorghum,0.32,604.7,32.8,173.2,4.6,6.3,876.5,Medium
Northern Bahr el Ghazal,Groundnuts,1.02,1008.0,31.6,57.6,4.3,6.6,886.3,Low
Eastern Equatoria,Sorghum,2.06,524.0,30.4,71.3,1.8,5.6,498.2,High
Upper Nile,Sorghum,0.7,855.2,26.9,49.7,7.8,7.2,1294.1,Low
Upper Nile,Maize,2.97,678.6,29.4,40.8,4.3,6.1,889.1,High
Unity,Maize,1.4,670.9,27.8,61.0,4.1,8.9,1298.4,Low
Western Bahr el Ghazal,Sorghum,0.66,972.7,29.1,25.9,3.4,6.1,987.9,Low
Western Equatoria,Sorghum,1.69,1275.3,28.4,10.1,5.1,9.3,1236.6,Low
Northern Bahr el Ghazal,Cassava,2.04,1289.3,23.9,52.3,8.7,7.0,7175.4,Low
Jonglei,Sorghum,2.13,816.6,31.8,27.3,9.3,1.0,880.6,Medium
Upper Nile,Maize,2.9,785.9,28.8,6.5,2.5,10.0,1045.8,Low
Upper Nile,Maize,0.52,720.2,27.8,86.1,4.9,3.7,1311.9,Medium
Western Bahr el Ghazal,Sorghum,2.9,1181.2,27.6,35.0,3.6,8.3,1242.8,Low
Unity,Maize,3.07,606.5,29.9,8.2,7.3,5.1,1024.2,Medium
Western Equatoria,Groundnuts,0.64,923.4,26.8,18.5,6.0,7.3,607.4,Medium
Central Equatoria,Groundnuts,0.73,1062.4,23.4,25.7,,3.5,722.8,Medium
Jonglei,Sorghum,2.44,728.9,30.0,15.6,5.6,6.4,1017.7,Low
Western Bahr el Ghazal,Sorghum,1.16,1009.7,30.3,44.7,4.6,4.4,981.5,Low
Central Equatoria,Sorghum,3.37,678.4,28.5,23.0,8.4,8.5,1024.0,Low
Western Bahr el Ghazal,Maize,3.97,1121.0,26.1,12.3,6.5,6.0,1640.4,Low
Upper Nile,Groundnuts,0.66,1067.4,29.2,27.6,6.7,7.1,977.9,Low
Eastern Equatoria,Sorghum,0.86,824.1,25.3,55.0,0.7,0.2,807.2,High
Jonglei,Sorghum,1.63,1028.9,26.4,2.1,5.4,4.8,1005.6,Low
Upper Nile,Cassava,0.31,649.3,27.1,5.5,,5.9,5002.1,Low
Jonglei,Sorghum,0.4,,31.1,31.4,7.9,5.5,1090.7,Low
Eastern Equatoria,Maize,0.8,574.4,28.1,41.5,2.2,7.1,855.2,High
Warrap,Groundnuts,4.85,764.6,27.9,12.0,4.9,4.2,619.1,Medium
Warrap,Sorghum,1.8,914.6,33.9,6.6,3.3,5.1,967.2,Medium
Eastern Equatoria,Sorghum,0.97,,29.9,120.8,8.6,7.6,1316.3,Low
Western Equatoria,Sorghum,0.73,774.7,29.8,10.8,5.9,0.0,859.6,Medium
Western Equatoria,Cassava,0.64,789.3,28.1,4.2,4.1,6.3,4854.3,Low
Warrap,Sorghum,1.02,591.6,27.5,27.0,5.6,4.3,626.1,Medium
Lakes,Sorghum,0.98,847.1,23.5,24.7,0.8,3.0,807.0,Medium
Lakes,Sorghum,1.3,1083.0,31.4,3.7,3.5,5.7,1130.2,Low
Northern Bahr el Ghazal,Sorghum,2.1,1196.3,30.1,24.2,5.6,7.7,1090.1,Low
Lakes,Maize,1.44,489.0,28.6,1.2,7.0,7.3,834.4,High
Jonglei,Sorghum,2.54,1022.8,28.7,24.8,,4.7,961.3,Low
Eastern Equatoria,Maize,1.24,856.4,30.8,8.3,4.8,6.9,1180.8,Medium
Warrap,Maize,4.17,567.0,25.1,11.0,7.3,6.9,1027.8,Medium
Northern Bahr el Ghazal,Groundnuts,2.5,946.5,27.5,9.7,2.9,4.8,721.9,Medium
Northern Bahr el Ghazal,Sorghum,1.77,1156.3,26.2,19.0,5.9,3.5,1246.6,Low
Western Equatoria,Cassava,2.1,1069.1,33.4,37.1,5.6,,6157.3,Low
Western Equatoria,Maize,1.03,790.2,31.2,21.9,8.6,6.8,1464.7,Medium
Central Equatoria,Sorghum,1.29,1007.2,23.5,7.3,5.1,4.9,1037.6,Low
Eastern Equatoria,Groundnuts,1.26,395.3,25.2,4.0,5.2,2.7,294.3,High
Upper Nile,Cassava,0.89,742.8,28.7,39.0,7.0,1.3,4264.1,High
Upper Nile,Sorghum,0.56,947.0,27.8,13.4,,,1224.8,Low
Jonglei,Cassava,2.18,812.4,25.7,23.0,5.1,3.8,3736.1,High
Jonglei,Maize,2.8,734.8,33.9,12.0,4.7,5.7,1050.9,Medium
Western Bahr el Ghazal,Maize,1.98,1148.7,29.8,6.9,5.2,7.7,1615.3,Low
Unity,Cassava,1.44,802.1,30.2,4.6,7.0,2.1,5861.3,Low
Western Bahr el Ghazal,Maize,5.38,1211.8,27.3,6.3,6.5,4.9,1538.8,Low
Northern Bahr el Ghazal,Groundnuts,0.96,1123.1,30.8,1.5,4.2,4.6,916.5,Low
Jonglei,Sorghum,1.81,971.9,28.0,55.4,5.7,5.8,1203.1,Low
Western Equatoria,Groundnuts,3.06,1096.5,28.3,4.3,8.2,7.7,1097.6,Low
Northern Bahr el Ghazal,Maize,0.68,,30.5,18.4,4.0,2.1,1777.0,Low
Warrap,Sorghum,2.29,812.2,24.9,10.3,5.8,6.3,1043.3,Low
Western Equatoria,Maize,4.34,951.0,33.0,38.0,5.2,7.3,1481.9,Low
Warrap,Sorghum,1.52,616.9,29.5,32.1,5.4,4.6,720.1,High
Upper Nile,Sorghum,1.7,633.0,32.2,0.1,2.6,4.7,457.9,High
Northern Bahr el Ghazal,Sorghum,0.96,949.7,26.3,7.6,,5.9,1185.7,Low
Western Equatoria,Sorghum,2.09,1022.8,26.7,32.9,,5.8,989.5,Low
Northern Bahr el Ghazal,Sorghum,0.87,1208.1,26.1,17.2,7.3,6.3,1307.8,Low
Northern Bahr el Ghazal,Sorghum,1.46,985.7,29.6,90.0,4.4,6.2,934.8,Low
Eastern Equatoria,Groundnuts,0.52,866.4,29.2,79.3,4.4,,826.5,Low
Eastern Equatoria,Groundnuts,0.25,877.8,27.8,27.8,7.7,7.2,685.2,Low
Upper Nile,Groundnuts,1.1,741.5,26.5,4.0,7.3,7.6,697.9,Low
Central Equatoria,Sorghum,1.09,1004.8,25.8,23.2,5.9,5.4,986.6,Low
Western Equatoria,Cassava,1.16,950.0,28.9,27.7,6.9,1.7,5185.6,Medium
Unity,Maize,2.45,854.2,27.8,39.9,5.0,,1591.3,Low
Northern Bahr el Ghazal,Sorghum,2.85,1087.3,27.3,56.3,5.5,5.4,1387.8,Low
Northern Bahr el Ghazal,Sorghum,1.86,813.4,32.9,2.3,4.3,2.5,949.5,Medium
Eastern Equatoria,Groundnuts,2.34,740.1,28.8,93.0,7.1,4.2,929.7,Low
Western Bahr el Ghazal,Sorghum,0.89,1262.6,32.2,4.0,4.3,1.9,1026.8,Low
Central Equatoria,Maize,0.75,888.4,27.7,3.9,8.2,6.3,1872.4,Low
Lakes,Cassava,2.12,840.6,29.6,7.0,4.9,5.4,3693.8,Medium
Western Bahr el Ghazal,Sorghum,0.68,1097.2,28.9,40.7,5.5,1.4,1389.8,Low
Western Bahr el Ghazal,Sorghum,0.63,859.8,24.8,7.0,6.9,5.8,949.4,Low
Western Equatoria,Cassava,7.2,1063.2,32.6,34.2,5.5,4.9,5431.9,Low
Western Bahr el Ghazal,Maize,1.59,806.3,28.7,39.5,5.0,6.1,1415.6,Low
Eastern Equatoria,Sorghum,1.09,622.1,30.9,7.6,5.4,4.1,757.9,Medium
Upper Nile,Cassava,1.0,937.6,27.1,21.4,7.1,3.2,6315.5,Low
Unity,Cassava,0.53,709.4,28.6,13.5,4.3,3.3,3805.3,Medium
Jonglei,Maize,1.84,764.0,26.8,76.1,5.3,3.8,1365.2,Low
Central Equatoria,Maize,1.24,,32.1,16.3,5.5,,1684.4,Low
Lakes,Sorghum,2.8,764.4,29.8,0.1,7.1,5.3,927.1,Low
Jonglei,Sorghum,2.16,811.5,29.9,18.3,5.3,4.6,958.6,Low
Warrap,Maize,1.21,897.3,32.4,22.6,8.8,4.1,1739.2,Low
Unity,Sorghum,0.36,546.7,31.9,11.0,5.2,4.2,656.2,High
Jonglei,Groundnuts,1.59,815.7,30.9,67.4,5.1,10.0,607.4,Medium
Western Bahr el Ghazal,Groundnuts,1.5,968.5,25.4,45.4,5.2,3.3,855.9,Low
Central Equatoria,Sorghum,0.32,677.8,27.3,12.5,3.1,3.8,553.4,High
Lakes,Maize,2.0,635.3,26.5,8.6,3.6,10.0,947.7,High
Lakes,Sorghum,0.66,1008.6,30.8,8.1,4.5,5.9,1264.1,Low
Jonglei,Cassava,2.89,,29.4,5.7,7.5,2.0,4920.7,Low
Western Equatoria,Sorghum,1.44,788.0,25.5,58.6,5.4,6.9,952.7,Low
Central Equatoria,Maize,0.98,684.5,28.5,11.1,4.6,3.0,1140.9,High
Northern Bahr el Ghazal,Maize,1.75,975.1,25.3,2.7,7.7,7.0,1278.7,Medium
Northern Bahr el Ghazal,Maize,1.67,1226.1,28.9,32.3,8.3,4.5,1941.0,Low
Western Equatoria,Groundnuts,1.63,958.5,24.9,2.3,7.8,4.0,943.0,Low
Central Equatoria,Groundnuts,2.65,1111.6,30.3,69.3,4.0,8.5,629.5,Low
Eastern Equatoria,Maize,1.82,768.7,29.9,1.3,4.6,6.2,1019.4,Medium
Central Equatoria,Groundnuts,0.92,986.3,33.8,12.9,8.8,7.1,1118.9,Low
Western Bahr el Ghazal,Cassava,1.26,815.0,31.1,15.6,5.9,6.0,5189.4,Low
Western Bahr el Ghazal,Maize,3.57,1156.0,27.9,22.6,,4.0,1827.4,Low
Eastern Equatoria,Maize,0.87,665.7,31.0,2.3,6.8,6.3,1232.1,Medium
Lakes,Sorghum,1.98,902.9,25.5,37.4,7.3,7.7,1165.0,Low
Eastern Equatoria,Groundnuts,2.71,593.8,26.6,10.4,4.5,5.3,517.8,High
Jonglei,Maize,2.11,,29.8,30.0,5.9,9.0,1353.4,Low
Upper Nile,Maize,1.6,829.1,23.6,12.7,7.2,6.9,1458.7,Low
Lakes,Sorghum,1.77,750.3,28.9,19.8,3.4,5.5,698.8,Medium
Western Bahr el Ghazal,Cassava,2.19,1076.0,26.4,54.3,5.5,5.6,7363.3,Low
Central Equatoria,Maize,0.86,875.6,29.3,0.0,3.5,5.3,1465.0,Low
Eastern Equatoria,Groundnuts,1.5,618.5,26.3,2.0,3.7,2.2,557.1,Medium
Western Equatoria,Sorghum,5.36,1227.4,30.1,48.7,4.5,4.8,1172.0,Low
Jonglei,Cassava,2.02,967.0,29.0,82.5,6.4,5.5,5551.2,Low
Northern Bahr el Ghazal,Sorghum,1.64,877.8,32.5,53.4,4.9,4.1,1166.2,Low
Lakes,Sorghum,1.18,858.7,29.0,58.7,4.3,5.7,1030.6,Low
Jonglei,Cassava,0.87,698.3,27.1,9.5,5.6,5.0,4023.5,High
Northern Bahr el Ghazal,Cassava,1.81,814.3,28.4,89.6,3.4,6.7,4239.0,Medium
Unity,Sorghum,1.89,810.9,25.6,22.3,6.3,6.5,998.6,Low
Upper Nile,Maize,1.44,520.6,30.0,4.8,7.5,5.4,785.7,High
Unity,Groundnuts,6.73,794.9,30.5,3.1,5.4,2.0,722.4,Medium
Eastern Equatoria,Cassava,0.92,678.0,35.2,7.3,5.1,,4257.9,Low
Northern Bahr el Ghazal,Maize,0.78,,27.4,30.9,6.2,4.7,1962.1,Low
Central Equatoria,Maize,1.19,977.1,28.3,71.4,1.8,4.8,1532.1,Low
Eastern Equatoria,Groundnuts,1.47,803.1,27.6,11.3,6.5,4.2,604.8,Medium
Western Equatoria,Groundnuts,0.84,862.6,29.5,30.2,,3.9,957.0,Low
Western Equatoria,Groundnuts,1.78,,30.0,14.6,5.3,8.4,1178.8,Low
Eastern Equatoria,Maize,1.91,732.9,28.9,0.7,5.3,8.0,1020.4,High
Central Equatoria,Sorghum,2.36,727.2,31.7,5.1,,6.0,840.7,Medium
Warrap,Cassava,1.06,773.3,27.5,3.4,8.5,4.8,5659.7,Low
Northern Bahr el Ghazal,Cassava,3.38,1199.2,31.5,23.3,7.3,6.4,7258.5,Low
Eastern Equatoria,Groundnuts,2.26,967.4,30.3,0.6,1.6,5.2,858.9,Low
Western Equatoria,Sorghum,0.91,1094.2,29.0,12.2,6.5,4.6,1160.1,Low
Upper Nile,Sorghum,0.83,597.7,28.2,79.8,10.0,5.7,794.5,Medium
Northern Bahr el Ghazal,Groundnuts,1.25,1065.6,35.1,3.5,6.6,4.0,1093.6,Low
Warrap,Sorghum,1.91,926.4,27.0,5.7,3.4,5.6,780.6,Medium
Lakes,Cassava,2.09,882.3,29.7,7.1,6.0,5.4,4848.1,Low
Upper Nile,Maize,2.26,894.0,27.1,25.2,3.2,6.3,1288.9,Medium
Unity,Groundnuts,5.14,710.3,33.5,28.2,7.7,3.6,783.3,Low
Eastern Equatoria,Cassava,0.42,705.0,31.2,5.5,3.8,6.6,3803.5,Low
Western Bahr el Ghazal,Maize,1.41,924.1,27.3,11.9,5.6,3.0,1567.5,Low
Western Bahr el Ghazal,Sorghum,4.88,730.7,30.3,11.2,4.0,3.7,713.2,Medium
Central Equatoria,Maize,2.43,966.5,29.6,4.5,4.5,3.8,1664.4,Low
Lakes,Maize,0.74,801.3,27.7,5.0,8.2,2.6,2126.9,Low
Central Equatoria,Maize,1.72,999.2,30.9,57.4,5.7,7.2,1885.0,Low
Lakes,Maize,1.36,572.8,30.0,2.7,4.5,2.9,868.4,High
Western Bahr el Ghazal,Cassava,1.32,,29.5,11.7,3.4,3.5,4615.8,Medium
Eastern Equatoria,Maize,1.05,1024.1,28.9,2.9,2.1,7.8,1243.0,Medium
Unity,Sorghum,1.63,667.6,30.1,18.2,3.2,3.7,646.7,Medium
Eastern Equatoria,Maize,2.99,706.6,29.6,29.1,5.7,4.6,1100.1,Medium
Upper Nile,Maize,1.12,822.6,29.1,14.9,7.3,2.8,1436.6,Medium
Northern Bahr el Ghazal,Sorghum,2.27,1296.8,27.4,8.1,4.5,6.8,1397.4,Low
Central Equatoria,Sorghum,2.53,762.0,33.2,26.7,8.3,6.9,1131.2,Low
Jonglei,Groundnuts,3.36,840.1,26.4,7.3,4.2,6.6,659.9,Low
Northern Bahr el Ghazal,Sorghum,0.82,872.0,30.1,44.9,5.1,6.2,855.7,Medium
Jonglei,Cassava,1.55,727.6,28.2,7.8,3.6,5.2,4214.1,Medium
Eastern Equatoria,Sorghum,0.97,708.5,33.4,6.4,7.3,3.8,840.8,Medium
Unity,Sorghum,1.63,857.9,26.7,66.8,9.3,3.2,977.3,Medium
Upper Nile,Groundnuts,1.62,1046.4,27.2,70.0,2.3,7.8,908.3,Low
Warrap,Cassava,0.69,866.0,26.6,7.7,4.9,6.7,5192.2,Low
Jonglei,Sorghum,1.7,753.2,29.8,65.3,7.8,3.5,718.1,Medium
Northern Bahr el Ghazal,Sorghum,5.3,1365.9,25.6,69.0,2.9,5.1,1052.7,Low
Upper Nile,Sorghum,2.1,712.1,27.8,8.7,6.5,4.3,812.0,High
Western Equatoria,Maize,0.6,900.9,23.6,51.8,7.7,2.5,1855.9,Low
Northern Bahr el Ghazal,Maize,0.79,725.7,29.6,163.5,5.6,5.4,1379.3,Low
Northern Bahr el Ghazal,Sorghum,1.49,1201.4,27.7,0.5,6.5,4.1,1128.0,Low
Unity,Sorghum,0.8,801.1,25.3,42.9,8.7,2.9,1174.9,Low
Central Equatoria,Maize,3.25,1278.3,31.7,0.0,9.0,1.7,1905.4,Low
Upper Nile,Cassava,0.55,567.8,25.7,57.1,5.4,1.6,3592.1,High
Upper Nile,Groundnuts,2.11,995.0,31.0,4.2,4.5,4.2,697.4,Medium
Eastern Equatoria,Maize,0.48,726.4,27.2,42.2,3.8,4.8,939.5,High
Warrap,Sorghum,1.48,919.7,33.0,6.0,,3.1,1196.6,Low
Western Bahr el Ghazal,Sorghum,0.72,768.2,30.9,10.1,3.0,6.4,767.5,Medium
Eastern Equatoria,Sorghum,2.36,936.1,26.5,9.2,5.0,4.9,1118.6,Low
Lakes,Groundnuts,2.91,891.4,26.7,10.8,5.7,6.3,724.7,Medium
Eastern Equatoria,Cassava,1.91,710.1,30.5,52.6,4.6,4.6,3639.2,High
Lakes,Cassava,3.0,870.2,28.3,12.6,6.0,3.3,5751.1,Low
Unity,Cassava,0.28,541.0,28.6,15.6,10.0,5.3,3005.9,High
Central Equatoria,Cassava,1.68,828.7,32.2,1.4,5.3,,5134.2,Medium
Northern Bahr el Ghazal,Cassava,2.09,922.5,27.1,15.6,4.7,6.2,5724.7,Low
Eastern Equatoria,Sorghum,2.27,438.0,29.2,7.2,7.3,2.9,534.7,High
Upper Nile,Sorghum,2.01,905.5,31.4,10.0,5.9,7.0,935.3,Low
Eastern Equatoria,Sorghum,2.3,894.6,31.0,30.9,8.1,4.3,1040.3,Low
Northern Bahr el Ghazal,Maize,1.67,886.8,28.6,8.6,5.8,7.3,1395.6,Medium
Lakes,Sorghum,0.6,825.6,28.3,11.2,5.1,2.5,756.6,High
Western Bahr el Ghazal,Groundnuts,1.04,975.5,24.7,25.9,2.3,3.5,642.6,High
Unity,Maize,3.26,705.1,26.4,10.1,2.6,5.8,1040.5,High
Unity,Maize,3.03,561.7,29.8,28.8,2.2,7.6,836.5,High
Warrap,Sorghum,2.07,666.3,28.7,5.0,6.2,8.7,659.3,Medium
Lakes,Sorghum,2.39,931.2,29.2,2.1,3.0,5.1,962.9,Medium
Western Bahr el Ghazal,Sorghum,2.81,1005.8,31.6,7.5,7.8,9.0,1297.0,Low
Central Equatoria,Cassava,2.05,1218.9,26.0,20.9,5.6,4.4,7344.2,Low
Warrap,Maize,3.2,805.7,28.4,6.3,5.1,7.4,1337.6,Low
Eastern Equatoria,Groundnuts,3.13,577.0,29.5,127.4,4.0,2.9,622.2,High
Western Equatoria,Sorghum,6.35,1170.6,27.2,27.1,6.6,5.9,1393.0,Low
Western Bahr el Ghazal,Maize,1.07,1110.0,32.6,10.8,4.1,0.0,1829.5,Low
Western Equatoria,Maize,1.09,1095.6,31.3,124.6,3.7,2.5,1613.6,Low
Lakes,Groundnuts,1.95,952.0,29.7,11.7,7.6,6.0,890.9,Low
Unity,Groundnuts,4.7,557.9,33.5,0.3,6.1,2.1,482.7,High
Western Equatoria,Sorghum,3.36,,25.3,16.4,5.1,,1028.1,Medium
Jonglei,Cassava,2.58,783.9,29.0,31.4,6.7,7.0,5003.5,Low
Upper Nile,Sorghum,3.51,582.7,29.9,8.5,5.5,3.9,690.6,Medium
Lakes,Cassava,2.11,733.9,26.7,2.8,6.2,2.9,4333.3,Medium
Warrap,Sorghum,1.26,999.2,29.8,73.0,4.0,4.0,1109.4,Low
Northern Bahr el Ghazal,Sorghum,5.43,1027.6,26.2,13.7,9.2,2.9,1229.0,Low
Western Bahr el Ghazal,Groundnuts,2.02,813.4,30.7,33.2,4.5,4.8,782.1,Low
Lakes,Sorghum,3.09,540.0,31.6,47.1,8.3,5.2,751.3,Medium
Warrap,Maize,0.28,1048.5,29.7,21.5,5.2,4.3,1475.1,Low
Western Equatoria,Maize,0.3,973.0,24.4,19.3,7.0,8.7,1652.9,Low
Unity,Sorghum,1.72,558.7,26.6,17.1,6.8,3.4,525.2,High
Eastern Equatoria,Groundnuts,0.8,674.8,30.4,72.2,7.6,8.1,710.3,Low
Jonglei,Cassava,1.82,588.1,29.1,9.8,4.0,2.7,2936.7,High
Northern Bahr el Ghazal,Cassava,1.09,1205.4,22.3,35.9,7.4,5.2,6454.2,Low
Unity,Sorghum,6.92,596.9,32.1,20.3,8.8,7.6,926.9,Medium
Eastern Equatoria,Maize,2.94,921.0,29.3,3.0,5.0,7.5,1219.5,Medium
Warrap,Sorghum,3.72,806.5,27.0,30.9,5.6,,1005.7,Medium
Northern Bahr el Ghazal,Sorghum,0.34,1206.4,31.5,46.0,4.6,6.2,1556.9,Low
Western Bahr el Ghazal,Sorghum,2.56,1053.8,27.3,11.8,4.9,5.9,1279.7,Low
Western Equatoria,Cassava,1.36,1114.5,27.3,25.2,8.6,3.8,7147.7,Low
Unity,Cassava,3.76,763.7,29.9,14.5,3.7,6.4,3348.8,High
Upper Nile,Groundnuts,2.33,869.8,33.5,0.6,3.8,9.1,563.8,Low
Western Equatoria,Maize,1.5,1038.7,33.1,12.0,8.4,6.0,1804.1,Low
Western Equatoria,Maize,0.65,951.6,29.9,13.7,6.6,6.2,1476.9,Low
Western Equatoria,Maize,1.69,1273.9,30.2,176.1,9.3,6.5,2443.1,Low
Northern Bahr el Ghazal,Maize,3.21,855.9,31.0,26.2,4.7,1.8,1295.7,Medium
Lakes,Maize,3.9,774.1,25.9,5.4,5.7,6.0,1221.7,Medium
Western Bahr el Ghazal,Sorghum,1.2,1017.6,30.6,14.6,4.3,2.8,1128.4,Low
Western Bahr el Ghazal,Sorghum,6.23,1075.7,27.2,3.2,5.8,3.7,1014.2,Low
Northern Bahr el Ghazal,Cassava,3.06,927.5,29.8,54.1,2.3,9.8,4269.1,Low
Eastern Equatoria,Maize,0.81,763.1,28.4,54.9,6.7,4.4,1361.4,Low
Western Bahr el Ghazal,Cassava,0.69,990.0,30.3,40.0,6.1,3.4,5777.8,Low
Central Equatoria,Sorghum,1.42,678.3,29.3,8.9,5.4,7.5,907.9,Low
Unity,Maize,1.2,657.3,21.3,1.4,,2.9,1025.4,Medium
Upper Nile,Sorghum,2.13,611.2,29.4,11.0,3.9,4.0,502.6,High
Jonglei,Sorghum,1.58,549.5,30.6,57.1,6.8,7.7,732.6,Medium
Eastern Equatoria,Sorghum,1.27,736.4,30.1,49.6,3.4,5.1,830.7,High
Eastern Equatoria,Sorghum,0.49,789.1,28.7,4.0,,1.6,886.7,Medium
Western Bahr el Ghazal,Cassava,2.37,1094.3,33.1,25.8,,6.2,6259.9,Low
Jonglei,Sorghum,0.47,894.7,29.8,14.5,8.2,4.1,1364.6,Low
Jonglei,Maize,3.06,519.8,30.1,26.4,2.8,8.4,645.2,High
Northern Bahr el Ghazal,Maize,0.36,787.8,31.6,27.4,4.5,3.7,1328.7,Low
Eastern Equatoria,Maize,0.45,1011.9,29.9,2.4,6.3,7.3,1694.9,Low
Northern Bahr el Ghazal,Maize,0.81,834.9,26.8,12.3,5.4,8.9,1426.4,Low
Northern Bahr el Ghazal,Sorghum,1.13,1083.6,22.9,5.7,,3.1,1256.5,Low
Upper Nile,Cassava,0.97,673.2,27.8,18.6,6.2,4.6,4163.9,Medium
Eastern Equatoria,Groundnuts,1.12,727.8,30.9,3.9,5.5,5.9,577.1,Medium
Eastern Equatoria,Groundnuts,1.85,620.9,28.1,9.1,8.9,3.1,703.2,Medium
Western Equatoria,Maize,0.82,1070.8,31.0,11.3,5.0,5.6,1543.6,Low
Upper Nile,Sorghum,1.86,796.8,29.4,13.5,7.6,4.5,995.0,Low
Eastern Equatoria,Cassava,0.28,648.7,32.2,40.3,3.2,4.5,2826.3,High
Unity,Sorghum,0.8,498.3,28.3,0.2,3.6,5.1,429.1,High
Eastern Equatoria,Sorghum,0.43,756.1,30.2,56.1,6.8,5.2,964.2,Low
Upper Nile,Sorghum,3.04,594.4,30.3,18.2,7.5,5.4,762.8,High
Central Equatoria,Groundnuts,0.9,979.7,32.8,23.8,3.8,3.7,628.6,Medium
Lakes,Maize,2.28,1167.4,24.7,3.4,5.5,3.8,1838.2,Low
Central Equatoria,Groundnuts,0.39,1118.1,27.9,22.8,3.0,4.7,764.5,Low
Eastern Equatoria,Groundnuts,3.86,823.6,31.1,12.6,5.2,4.9,807.7,Low
Eastern Equatoria,Sorghum,1.64,703.1,32.9,3.6,7.0,4.0,789.2,Medium
Western Bahr el Ghazal,Cassava,1.52,724.5,29.6,24.3,4.7,5.7,3407.8,High
Central Equatoria,Maize,0.5,717.3,28.3,3.8,5.1,1.0,1119.9,Medium
Unity,Maize,0.73,848.3,30.9,4.0,3.5,3.4,1075.6,High
Upper Nile,Sorghum,1.3,,31.2,91.7,4.3,4.4,898.7,Medium
Upper Nile,Cassava,0.75,671.4,28.1,18.1,8.7,3.1,4345.6,Medium
Warrap,Sorghum,2.85,773.9,29.8,41.0,5.6,8.6,888.1,Medium
Western Bahr el Ghazal,Sorghum,1.61,856.0,32.0,1.7,3.7,5.0,910.4,Medium
Jonglei,Maize,0.76,625.6,33.7,12.8,4.9,5.4,856.0,High
Western Bahr el Ghazal,Sorghum,2.57,1007.8,30.9,3.0,2.6,3.9,797.9,High
Jonglei,Sorghum,1.18,675.9,29.1,5.1,3.7,5.0,708.2,Medium
Northern Bahr el Ghazal,Maize,2.5,880.8,28.9,36.6,7.9,2.3,1424.7,Low
Upper Nile,Maize,1.05,659.1,30.4,12.0,,4.6,902.3,Medium
Lakes,Cassava,2.17,851.8,28.7,135.4,8.9,2.9,7334.8,Low
Western Bahr el Ghazal,Sorghum,1.15,980.5,29.5,2.3,5.3,4.4,1124.7,Low
Lakes,Groundnuts,2.85,746.6,26.4,13.2,5.4,0.0,545.1,High
Western Bahr el Ghazal,Maize,0.39,1104.9,32.2,7.8,6.7,2.5,1712.8,Low
Upper Nile,Groundnuts,0.61,755.0,26.1,7.0,0.7,8.2,440.5,High
Central Equatoria,Maize,1.38,873.9,27.9,6.1,5.9,6.8,1712.4,Low
Unity,Maize,0.93,726.4,29.2,22.9,5.4,7.9,1306.8,Low
Eastern Equatoria,Cassava,1.13,816.1,34.0,6.2,,8.1,4810.5,Low
Western Bahr el Ghazal,Sorghum,2.34,993.3,27.9,26.2,7.2,6.5,1305.3,Low
Western Equatoria,Sorghum,1.11,998.6,27.3,12.5,3.5,4.0,836.8,Medium
Western Equatoria,Groundnuts,1.9,869.3,27.6,24.4,7.7,2.7,778.8,Medium
Western Equatoria,Groundnuts,0.8,857.5,33.1,5.1,5.0,7.5,721.4,Medium
Warrap,Sorghum,0.34,914.1,22.0,60.3,3.9,5.1,1066.1,Low
Upper Nile,Maize,2.49,843.0,26.5,40.1,5.9,10.0,1425.0,Low
Northern Bahr el Ghazal,Cassava,4.43,1060.3,35.8,20.5,,4.2,6017.5,Low
Unity,Groundnuts,1.77,698.0,30.5,43.7,8.3,9.3,727.6,Low
Western Equatoria,Cassava,1.43,993.5,26.2,19.0,6.1,4.7,5620.9,Low
Central Equatoria,Maize,1.65,1020.1,28.9,0.2,5.9,,1572.9,Low
Central Equatoria,Groundnuts,3.52,1055.9,29.2,18.0,7.1,8.7,940.4,Low
Jonglei,Sorghum,1.79,946.3,31.1,12.4,7.5,2.7,1183.8,Low
Northern Bahr el Ghazal,Cassava,2.57,976.9,33.6,11.7,6.9,3.9,6063.7,Low
Upper Nile,Maize,2.49,984.3,30.0,30.6,8.1,2.7,1875.5,Low
Western Bahr el Ghazal,Groundnuts,3.01,1049.6,27.7,4.1,6.6,2.3,807.3,Medium
Eastern Equatoria,Maize,1.41,810.8,31.0,65.1,5.8,6.5,1264.3,Medium
Central Equatoria,Maize,1.04,957.9,27.3,30.2,7.7,4.6,1834.5,Low
Western Bahr el Ghazal,Groundnuts,2.19,1052.4,26.4,16.9,5.3,5.1,1065.6,Low
Eastern Equatoria,Maize,2.87,605.5,24.6,10.2,5.6,6.2,988.7,High
Central Equatoria,Cassava,3.23,1020.8,25.1,56.1,8.6,0.9,6657.1,Low
Unity,Maize,3.8,1082.6,26.8,8.8,8.4,7.8,2020.1,Low
Northern Bahr el Ghazal,Maize,2.7,935.7,26.1,105.7,5.5,4.2,1501.1,Low
Warrap,Sorghum,1.0,809.4,29.8,22.7,4.7,6.2,1015.6,Low
Central Equatoria,Maize,1.77,848.7,26.0,70.2,8.1,6.4,1721.0,Low
Western Bahr el Ghazal,Maize,1.67,942.1,21.1,8.1,6.9,8.0,1471.6,Low
Western Bahr el Ghazal,Sorghum,1.54,1247.0,26.4,73.0,,4.8,1358.0,Low
Western Bahr el Ghazal,Sorghum,2.19,914.4,27.8,46.5,4.9,0.3,975.9,Medium
Northern Bahr el Ghazal,Groundnuts,1.32,920.9,27.5,4.0,6.1,,932.5,Low
Western Equatoria,Groundnuts,1.32,748.4,32.8,42.3,5.5,5.4,662.1,Medium
Northern Bahr el Ghazal,Groundnuts,4.6,878.3,27.5,26.3,4.3,2.7,743.7,Medium
Jonglei,Sorghum,1.46,,31.2,0.7,5.7,5.3,649.0,High
Western Bahr el Ghazal,Sorghum,2.99,1110.1,29.0,64.3,6.0,4.2,1239.6,Low
Upper Nile,Sorghum,3.11,1196.2,28.9,5.1,4.8,2.0,1190.4,Low
Lakes,Groundnuts,1.8,718.4,26.9,1.6,7.1,6.5,677.2,Medium
Warrap,Cassava,1.36,548.8,28.9,1.8,7.8,3.8,2702.8,High
Warrap,Sorghum,0.82,933.8,27.1,3.4,7.2,4.1,1137.5,Low
Warrap,Groundnuts,0.46,689.7,29.4,43.1,5.0,4.0,607.5,High
Lakes,Sorghum,2.3,968.3,28.4,23.3,6.9,7.7,1186.7,Low
Lakes,Sorghum,2.0,731.1,26.6,23.1,5.6,4.9,833.1,Medium
Eastern Equatoria,Sorghum,2.52,621.1,31.5,0.2,3.3,5.2,620.7,High
Western Bahr el Ghazal,Sorghum,1.09,988.6,30.1,16.9,6.7,4.0,1357.0,Low
Upper Nile,Groundnuts,4.9,889.9,27.9,35.5,5.8,6.0,695.0,Low
Jonglei,Cassava,2.12,775.5,29.4,13.1,10.0,8.0,5034.4,Low
Upper Nile,Sorghum,1.42,701.8,28.8,6.4,8.1,6.4,937.2,Medium
Northern Bahr el Ghazal,Maize,0.33,962.1,26.8,11.5,6.8,6.5,1730.7,Low
Western Bahr el Ghazal,Groundnuts,1.18,824.6,29.2,31.8,5.9,6.3,790.4,Low
Western Bahr el Ghazal,Cassava,2.6,1074.9,27.4,2.0,5.8,,7901.4,Low
Unity,Maize,3.74,387.8,26.6,3.4,3.7,3.1,518.4,High
Lakes,Sorghum,1.58,706.8,24.9,4.7,2.4,4.5,745.5,High
Jonglei,Maize,4.13,923.6,28.1,2.6,3.9,3.4,1291.5,Medium
Warrap,Sorghum,0.78,844.2,30.4,28.9,5.4,2.7,843.7,Medium
Warrap,Cassava,2.04,887.3,27.3,1.4,,0.9,3783.8,High
Western Equatoria,Maize,2.08,976.8,35.3,13.2,4.5,2.0,1617.5,Low
Western Equatoria,Groundnuts,2.31,1162.0,31.2,17.3,5.1,4.4,983.8,Low
Central Equatoria,Sorghum,1.73,1054.3,32.3,18.6,5.1,4.8,1214.5,Low
Eastern Equatoria,Maize,1.97,782.8,31.0,4.3,4.3,3.3,1134.1,Medium
Unity,Cassava,0.77,795.0,33.6,27.7,4.9,5.2,4193.7,Medium
Unity,Maize,3.51,768.4,27.0,69.7,8.6,4.0,1522.3,Medium
Eastern Equatoria,Maize,2.8,650.0,22.6,38.9,6.7,7.4,1252.2,Low
Unity,Cassava,1.92,454.3,27.9,89.7,4.5,4.6,2822.6,High
Warrap,Cassava,2.85,861.8,30.4,81.2,5.4,6.5,4673.4,Medium
Western Equatoria,Sorghum,3.58,1068.5,29.4,2.8,,5.4,1265.7,Low
Jonglei,Maize,2.29,973.2,29.7,13.5,4.1,1.9,1341.5,Medium
Jonglei,Maize,5.24,669.2,32.3,56.9,4.1,4.8,1135.3,Medium
Upper Nile,Maize,2.41,640.3,30.0,1.6,7.3,2.3,1069.7,Medium
Jonglei,Sorghum,0.85,878.6,31.0,6.8,4.7,4.8,1101.5,Low
Lakes,Sorghum,1.85,,26.7,6.4,3.5,3.4,717.5,Medium
Jonglei,Cassava,2.92,526.8,26.3,1.9,5.4,5.8,2915.3,High
Unity,Cassava,3.59,712.1,33.0,33.3,5.7,2.0,4429.9,Low
Jonglei,Groundnuts,1.76,531.8,29.3,32.4,1.9,5.0,350.0,High
Eastern Equatoria,Cassava,0.8,574.1,27.4,39.6,5.4,6.3,3286.0,Medium
Warrap,Groundnuts,1.34,1001.5,27.4,16.1,7.1,7.0,907.1,Low
Western Equatoria,Groundnuts,0.58,1260.3,27.4,15.3,6.3,3.3,929.5,Low
Western Equatoria,Groundnuts,2.58,804.2,27.2,69.7,9.5,5.0,862.2,Low
Lakes,Maize,1.17,724.0,25.8,2.0,7.8,5.4,1435.8,Low
Northern Bahr el Ghazal,Maize,0.95,998.4,25.2,21.2,8.1,8.4,1697.6,Low
Warrap,Sorghum,2.74,1066.0,28.5,19.1,10.0,1.7,1557.1,Low
Northern Bahr el Ghazal,Maize,4.08,918.0,27.5,77.6,6.9,,1812.1,Low
Western Bahr el Ghazal,Sorghum,0.94,943.8,31.8,70.8,5.8,10.0,972.3,Low
Unity,Sorghum,1.76,888.2,29.7,9.0,7.3,4.4,1131.4,Low
Lakes,Maize,1.38,717.2,29.7,84.0,4.5,0.8,1018.6,High
Jonglei,Maize,3.69,918.0,27.1,17.0,,3.7,1609.1,Low
Unity,Sorghum,1.49,434.3,28.7,32.6,4.3,0.0,405.8,High
Upper Nile,Groundnuts,0.75,,29.9,66.7,6.2,5.5,732.4,Low
Northern Bahr el Ghazal,Cassava,1.54,743.0,30.8,23.7,4.3,6.8,3339.4,Medium
Western Bahr el Ghazal,Sorghum,3.21,857.0,28.8,27.0,4.3,3.0,930.5,Medium
Unity,Sorghum,1.32,781.7,31.7,77.4,6.2,4.0,1107.0,Low
Warrap,Sorghum,1.02,791.3,29.0,18.7,5.3,7.0,793.2,Medium
Western Equatoria,Groundnuts,1.44,938.7,31.0,40.6,2.0,1.1,652.5,Medium
Western Bahr el Ghazal,Groundnuts,0.77,903.0,27.8,48.4,2.9,2.1,761.3,Medium
Upper Nile,Sorghum,1.38,743.2,24.5,5.4,3.4,4.5,772.8,Medium
Upper Nile,Groundnuts,1.07,821.4,29.7,6.7,3.9,3.3,457.8,High
Lakes,Sorghum,5.85,920.8,30.8,16.1,6.2,4.4,1319.6,Low
Warrap,Maize,0.38,405.0,30.4,28.7,5.9,2.2,640.5,High
Central Equatoria,Cassava,0.85,790.8,30.1,42.6,7.4,5.5,5460.1,Low
Western Equatoria,Sorghum,1.02,1010.4,28.1,1.3,6.9,4.7,1153.9,Low
Eastern Equatoria,Sorghum,0.77,701.1,27.0,46.2,7.4,,698.5,Medium
Lakes,Maize,2.05,833.9,30.4,43.8,6.6,5.4,1603.1,Low
Central Equatoria,Maize,0.93,955.7,30.1,34.4,5.9,5.5,1509.6,Low
Western Equatoria,Cassava,0.54,940.8,27.6,5.9,7.5,1.8,6030.8,Low
Upper Nile,Cassava,1.66,697.2,31.8,53.8,7.2,6.1,4365.3,Low
Warrap,Sorghum,1.27,761.9,26.8,1.2,6.2,4.3,881.4,Medium
Upper Nile,Sorghum,0.96,948.6,27.5,1.3,7.8,4.6,1040.9,Low
Western Bahr el Ghazal,Groundnuts,3.63,905.5,33.1,9.2,1.3,7.3,681.6,Low
Northern Bahr el Ghazal,Sorghum,2.1,982.5,31.2,3.0,5.0,3.4,896.7,Medium
Eastern Equatoria,Cassava,1.95,743.4,28.1,0.9,4.9,8.0,4979.0,Low
Northern Bahr el Ghazal,Groundnuts,2.13,1226.0,29.7,24.8,7.6,8.2,1354.9,Low
Warrap,Sorghum,2.06,753.7,29.4,50.1,8.3,6.7,1209.4,Low
Warrap,Groundnuts,1.32,942.6,22.1,46.8,2.9,2.8,866.7,Low
Central Equatoria,Sorghum,0.94,1100.4,26.7,30.4,8.0,0.2,1396.4,Low
Warrap,Maize,1.68,789.2,28.9,5.4,3.4,7.4,1277.9,Medium
Lakes,Maize,1.3,741.8,28.1,4.7,3.4,5.2,1040.2,High
Upper Nile,Maize,0.37,726.9,29.6,84.5,5.1,3.4,1043.4,High
Central Equatoria,Groundnuts,0.73,877.2,31.8,4.0,4.9,7.6,854.4,Low
Upper Nile,Groundnuts,1.19,904.4,28.2,129.5,2.7,3.1,918.1,Low
Northern Bahr el Ghazal,Cassava,2.78,1026.6,26.4,68.5,6.7,4.1,6579.1,Low
Lakes,Cassava,1.69,808.7,29.8,15.8,6.7,6.2,4071.9,Low
Eastern Equatoria,Maize,0.83,547.1,28.2,15.8,7.4,2.6,895.3,High
Northern Bahr el Ghazal,Sorghum,0.68,846.8,28.6,6.5,4.7,4.8,698.0,High
Northern Bahr el Ghazal,Groundnuts,3.17,1313.5,28.3,16.9,5.4,7.4,1059.2,Low
Eastern Equatoria,Cassava,1.36,689.2,34.6,2.7,5.4,5.5,3019.9,High
Western Bahr el Ghazal,Sorghum,0.22,899.1,23.4,17.6,8.5,7.7,1192.8,Low
Unity,Maize,1.42,870.5,28.0,53.8,0.4,7.5,1008.1,High
Upper Nile,Maize,2.4,818.5,29.0,16.2,3.8,5.0,1002.9,High
Unity,Sorghum,0.67,742.6,27.0,3.8,5.5,0.0,834.5,High
Lakes,Groundnuts,1.6,752.7,31.2,10.8,3.5,2.6,560.8,High
Northern Bahr el Ghazal,Maize,1.71,944.2,31.0,32.2,5.0,6.7,1678.8,Low
Lakes,Groundnuts,0.7,748.0,28.9,8.2,5.3,1.6,537.7,High
Northern Bahr el Ghazal,Groundnuts,3.36,784.6,28.3,15.1,4.3,4.3,581.8,Medium
Northern Bahr el Ghazal,Groundnuts,1.73,978.8,28.7,6.8,5.6,5.7,599.4,Medium
Central Equatoria,Maize,1.19,960.0,28.7,12.0,6.6,,1194.6,Medium
Western Equatoria,Sorghum,1.37,1264.1,28.8,4.8,5.1,3.7,1435.1,Low
Lakes,Groundnuts,0.61,786.3,28.5,67.7,,3.6,891.8,Low
Upper Nile,Groundnuts,0.59,426.1,29.6,23.0,5.2,4.9,339.8,High
Central Equatoria,Maize,1.11,901.5,30.9,15.7,5.5,5.8,1308.5,Medium
Central Equatoria,Cassava,1.16,1326.5,25.9,97.5,2.4,4.7,5718.5,Low
Upper Nile,Sorghum,1.3,906.2,26.4,51.4,6.3,7.3,1230.6,Low
Warrap,Cassava,3.55,677.1,24.6,3.0,4.7,3.2,3330.5,Medium
Eastern Equatoria,Sorghum,2.32,804.6,31.2,42.0,,5.3,1072.3,Medium
Eastern Equatoria,Sorghum,0.41,604.6,29.6,28.4,6.6,6.0,724.6,Medium
Eastern Equatoria,Maize,3.13,512.8,30.3,44.4,7.6,4.1,890.0,Medium
Upper Nile,Sorghum,1.1,724.0,25.4,10.4,3.7,6.8,683.7,Medium
Central Equatoria,Sorghum,2.47,929.3,33.5,15.8,4.8,5.3,1036.3,Low
Upper Nile,Sorghum,1.17,495.4,27.5,42.9,3.3,6.7,453.0,High
Unity,Maize,1.65,483.5,29.4,38.2,4.2,5.4,782.5,High
Unity,Groundnuts,0.64,657.4,31.1,20.8,7.8,5.8,603.4,Medium
Warrap,Sorghum,1.91,737.5,26.5,39.2,8.2,3.6,982.8,Low
Upper Nile,Groundnuts,2.65,835.5,27.6,2.4,3.4,3.6,741.2,Medium
Lakes,Groundnuts,0.46,591.2,29.4,27.8,4.7,7.7,492.8,Medium
Lakes,Sorghum,2.68,880.5,36.1,0.2,5.4,6.4,1056.3,Low
Northern Bahr el Ghazal,Sorghum,0.94,814.4,29.8,2.0,6.6,2.7,733.6,High
Lakes,Cassava,4.29,1019.8,33.0,1.1,2.3,5.4,4415.1,Low
Upper Nile,Groundnuts,2.5,518.9,32.0,68.4,2.6,0.0,422.5,High
Unity,Maize,2.22,492.0,29.9,45.9,6.4,3.7,1060.2,Medium
Western Equatoria,Groundnuts,1.37,1049.2,26.5,26.1,2.0,7.1,587.3,Medium
Upper Nile,Sorghum,6.53,1025.9,31.6,19.3,4.7,4.7,1093.3,Low
Eastern Equatoria,Maize,1.11,763.2,25.3,3.8,5.8,5.3,1435.5,Low
Northern Bahr el Ghazal,Groundnuts,0.74,1076.4,33.0,3.2,6.2,0.0,855.9,Low
Western Bahr el Ghazal,Sorghum,0.96,1018.0,29.5,30.0,5.2,4.1,1116.5,Low
Eastern Equatoria,Groundnuts,2.97,561.9,22.4,43.1,4.8,5.7,512.3,High
Lakes,Maize,1.63,699.9,28.1,41.3,7.0,6.0,1290.5,Medium
Eastern Equatoria,Groundnuts,1.48,534.1,30.6,87.6,6.0,7.1,632.7,Low
Lakes,Maize,1.12,581.6,28.4,16.0,,4.5,929.9,High
Central Equatoria,Maize,1.42,975.9,30.8,4.1,5.6,4.6,1795.0,Low
Unity,Sorghum,1.07,487.4,26.9,3.3,6.2,2.1,518.4,High
Warrap,Sorghum,2.36,846.7,25.7,4.9,8.6,4.6,972.1,Low
Lakes,Groundnuts,1.28,578.1,28.8,83.0,6.9,2.2,580.9,Medium
Unity,Sorghum,0.97,700.3,29.1,2.8,7.7,0.9,728.1,Medium
Northern Bahr el Ghazal,Sorghum,2.81,918.7,28.1,19.9,4.4,2.6,1033.0,Low
Lakes,Sorghum,0.75,984.4,32.1,73.9,4.6,8.3,1100.1,Low
Western Equatoria,Sorghum,1.65,1035.1,26.9,15.9,5.1,4.4,1040.9,Low
Warrap,Groundnuts,0.37,984.1,29.8,3.2,5.2,5.5,872.4,Low
Lakes,Maize,0.56,660.1,29.2,29.7,3.7,,856.7,High
Jonglei,Cassava,1.19,818.1,25.1,4.1,7.8,1.1,5432.6,Low
Lakes,Sorghum,1.05,626.2,25.7,53.2,7.1,7.1,755.0,Medium
Western Bahr el Ghazal,Groundnuts,1.05,953.3,29.0,1.5,4.9,0.2,892.1,Low
Western Bahr el Ghazal,Maize,2.51,976.0,34.0,18.2,6.7,3.8,1592.5,Low
Lakes,Maize,2.61,664.5,30.4,33.9,5.9,4.9,1210.4,Medium
Warrap,Cassava,1.87,616.4,24.7,4.2,6.8,5.5,3660.6,Medium
Western Equatoria,Cassava,0.73,,21.2,1.1,3.1,3.4,4049.9,Medium
Lakes,Cassava,1.42,422.4,30.8,17.1,5.2,1.0,2137.8,High
Jonglei,Sorghum,4.67,651.2,28.8,12.2,5.4,3.2,574.9,High
Upper Nile,Sorghum,6.12,870.4,31.9,7.3,6.6,3.4,1130.1,Low
Jonglei,Groundnuts,2.82,569.9,26.8,27.7,4.4,3.3,472.3,High
Jonglei,Sorghum,0.75,604.4,29.9,31.3,1.0,7.1,591.2,High
Eastern Equatoria,Groundnuts,1.43,984.5,31.1,67.2,3.6,2.3,912.5,Low
Northern Bahr el Ghazal,Maize,1.79,,27.9,103.7,5.4,5.7,1499.0,Low
Eastern Equatoria,Maize,1.61,764.1,27.9,15.8,5.6,5.3,1101.1,Medium
Central Equatoria,Groundnuts,3.02,,29.1,1.5,8.5,7.1,1059.0,Low
Northern Bahr el Ghazal,Groundnuts,2.44,1091.3,30.4,6.4,6.5,4.7,941.4,Low
Upper Nile,Sorghum,0.72,547.9,29.0,0.8,5.6,6.7,665.6,Medium
Unity,Sorghum,0.99,621.2,31.4,13.6,5.4,4.6,672.2,High
Lakes,Maize,2.82,530.7,27.8,2.5,7.5,6.0,1029.7,High
Jonglei,Maize,3.62,1176.6,25.7,66.2,4.4,1.7,1913.4,Low
Eastern Equatoria,Sorghum,1.8,476.7,33.9,1.5,5.2,0.0,513.9,High
Lakes,Maize,3.91,616.2,27.5,38.5,3.5,5.8,888.8,Medium
Eastern Equatoria,Groundnuts,1.67,559.8,27.6,6.3,8.1,5.9,553.4,Medium
Upper Nile,Groundnuts,0.81,551.8,28.8,10.9,6.2,6.0,561.1,Medium
Northern Bahr el Ghazal,Maize,2.3,1194.9,29.2,40.4,4.2,3.8,1718.0,Low
Northern Bahr el Ghazal,Maize,7.85,1355.3,28.0,0.7,5.3,8.3,1818.7,Low
Jonglei,Sorghum,0.61,738.3,29.0,4.4,6.4,4.0,847.6,Medium
Lakes,Maize,3.82,575.3,28.9,15.7,5.0,5.9,917.6,High
Warrap,Sorghum,2.22,463.2,29.4,24.3,4.5,6.3,575.1,Medium
Unity,Maize,0.95,619.2,23.1,16.0,4.3,8.8,1075.0,Medium
Eastern Equatoria,Groundnuts,0.38,668.4,33.7,18.3,6.1,4.3,605.1,Medium
Jonglei,Sorghum,0.3,712.0,28.6,29.7,4.9,,809.4,Medium
Warrap,Sorghum,1.05,832.0,30.5,0.9,4.7,1.7,795.9,High
Northern Bahr el Ghazal,Sorghum,1.99,1051.2,25.6,10.0,3.1,8.4,1003.7,Low
Central Equatoria,Cassava,2.69,964.1,27.8,15.1,5.6,5.9,5596.2,Low
Lakes,Maize,3.09,726.0,27.3,28.4,5.2,6.0,1297.3,Low
Western Bahr el Ghazal,Sorghum,1.87,850.1,32.7,15.1,4.9,10.0,1001.9,Low
Northern Bahr el Ghazal,Cassava,1.69,1091.8,27.5,12.6,5.9,5.7,5351.9,Low
Unity,Maize,1.22,657.7,30.9,8.2,6.8,2.1,1242.6,Medium
Eastern Equatoria,Maize,2.02,849.1,27.4,18.9,6.8,4.6,1446.8,Low
Western Equatoria,Cassava,0.96,1105.1,27.9,4.9,6.5,2.9,5566.2,Low
Western Bahr el Ghazal,Sorghum,0.63,802.1,28.4,2.0,5.1,4.1,993.8,Low
Western Bahr el Ghazal,Sorghum,1.62,800.2,32.2,55.3,4.5,4.1,1065.1,Low
Warrap,Maize,2.55,685.4,24.3,24.0,3.6,3.7,1048.0,Medium
Eastern Equatoria,Sorghum,0.54,557.5,25.7,2.5,4.4,1.9,624.0,High
Eastern Equatoria,Groundnuts,1.05,,24.1,0.6,5.5,8.5,765.2,Low
Unity,Sorghum,1.58,708.5,26.3,25.2,4.1,5.7,873.4,Low
Upper Nile,Sorghum,1.55,941.1,27.0,39.2,5.7,4.5,1198.4,Low
Central Equatoria,Sorghum,2.18,975.1,25.0,18.3,,6.7,842.0,Medium
Warrap,Maize,4.59,830.1,27.2,0.9,2.5,6.0,1380.9,Low
Upper Nile,Sorghum,0.3,956.2,24.0,5.1,7.0,5.6,1267.4,Low
Central Equatoria,Sorghum,4.72,986.1,26.5,1.4,4.6,6.5,963.0,Low
Central Equatoria,Cassava,4.46,925.8,32.0,35.2,4.0,5.3,4332.4,Medium
Unity,Sorghum,2.71,877.9,30.0,4.0,3.5,6.5,918.3,Low
Lakes,Maize,1.78,790.7,29.5,45.4,6.3,6.7,1343.8,Low
Western Bahr el Ghazal,Sorghum,0.97,969.7,26.5,33.4,8.0,5.4,1299.2,Low
Unity,Maize,2.69,530.2,25.2,14.8,4.8,4.5,897.0,High
Western Equatoria,Sorghum,1.84,1092.0,26.2,14.3,5.1,8.4,1110.1,Low
Northern Bahr el Ghazal,Maize,1.24,1177.5,28.9,2.6,7.4,3.9,1639.3,Low
Unity,Sorghum,2.65,,31.2,7.2,2.2,5.9,625.4,High
Jonglei,Cassava,2.95,1005.8,31.3,2.7,9.0,5.9,6009.3,Low
Unity,Cassava,3.61,360.3,30.6,44.1,9.9,3.7,2167.0,High
Central Equatoria,Sorghum,0.9,907.3,27.2,16.6,0.6,3.2,646.8,High
Jonglei,Sorghum,3.31,803.6,29.1,2.2,5.3,4.2,840.8,Medium
Upper Nile,Sorghum,1.25,667.2,28.2,43.4,4.2,3.9,792.3,Medium
Northern Bahr el Ghazal,Maize,1.78,1349.5,28.5,1.6,5.0,1.8,1809.7,Low
Lakes,Sorghum,2.02,763.5,34.1,6.2,4.7,3.6,728.8,High
Lakes,Cassava,3.14,712.3,24.6,45.7,7.0,5.6,3851.5,High
Upper Nile,Groundnuts,2.47,780.2,28.4,23.7,5.3,7.8,680.5,Low
Eastern Equatoria,Groundnuts,1.22,415.5,32.0,19.0,3.9,6.2,320.4,High
Jonglei,Maize,0.32,695.7,25.3,50.7,5.2,0.0,1226.9,High
Northern Bahr el Ghazal,Cassava,2.16,1139.5,27.4,4.5,6.4,6.4,5894.3,Low
Central Equatoria,Sorghum,1.73,821.3,27.7,8.4,3.4,3.8,840.8,Medium
Western Bahr el Ghazal,Maize,0.61,891.0,28.4,12.5,2.5,6.0,1438.1,Low
Warrap,Sorghum,1.87,995.2,25.0,45.5,9.1,5.0,1404.6,Low
Western Equatoria,Cassava,1.56,1187.6,30.5,3.4,4.3,4.6,4545.3,Medium
Lakes,Maize,3.58,851.0,30.7,39.3,5.3,4.8,1446.3,Low
Western Bahr el Ghazal,Groundnuts,4.92,947.1,30.3,0.7,4.8,5.0,962.7,Low
Central Equatoria,Sorghum,2.9,879.7,26.8,7.3,6.5,8.0,857.4,Medium
Eastern Equatoria,Cassava,1.5,595.3,29.2,6.4,8.7,5.0,3789.8,Medium
Warrap,Maize,1.66,649.6,26.8,15.5,6.5,7.4,1067.1,Medium
Northern Bahr el Ghazal,Maize,0.88,835.3,28.2,14.0,2.8,7.1,1178.3,Medium
Central Equatoria,Cassava,1.0,822.9,34.4,99.0,3.0,6.5,4707.3,Low
Warrap,Maize,1.44,643.6,29.2,12.1,,1.1,1131.2,High
Eastern Equatoria,Maize,1.34,481.3,26.0,25.0,5.0,7.5,758.8,High
Warrap,Maize,0.58,831.7,29.5,0.9,2.4,4.0,1278.2,Medium
Warrap,Sorghum,3.61,834.0,25.6,36.1,7.0,6.6,1018.1,Low
Central Equatoria,Sorghum,3.93,1170.7,26.0,13.7,3.5,2.9,1056.8,Low
Warrap,Sorghum,3.53,698.5,26.4,11.7,8.2,2.4,805.2,Medium
Western Bahr el Ghazal,Sorghum,4.02,1059.8,27.9,3.7,8.8,9.3,1050.9,Low
Western Bahr el Ghazal,Cassava,5.84,1062.2,31.3,70.8,5.1,2.9,6562.3,Low
Central Equatoria,Maize,0.89,877.5,30.4,24.7,6.3,7.5,1858.6,Low
Western Equatoria,Maize,5.68,1098.2,30.3,7.8,3.3,5.3,1643.5,Low
Western Equatoria,Maize,1.22,1102.8,26.3,0.8,6.6,4.1,1969.4,Low
Unity,Maize,2.38,705.0,27.6,44.3,4.6,4.9,1082.1,Medium
Eastern Equatoria,Maize,0.49,677.6,29.7,24.0,3.5,2.1,969.5,High
Western Bahr el Ghazal,Cassava,1.11,961.7,27.4,13.3,5.0,5.0,5825.5,Low
Lakes,Cassava,2.96,568.2,28.3,7.7,4.7,2.6,3727.1,Medium
Western Bahr el Ghazal,Maize,2.45,894.5,30.1,32.3,4.9,4.1,1694.9,Low
Eastern Equatoria,Sorghum,1.2,622.6,28.1,37.5,7.2,7.0,855.1,Medium
Central Equatoria,Maize,1.66,747.0,29.6,13.0,4.1,5.6,1120.6,Medium
Northern Bahr el Ghazal,Maize,1.03,1058.0,33.0,20.5,8.6,1.7,2027.6,Low
Western Equatoria,Maize,2.95,1166.0,28.6,82.8,3.1,6.9,1585.5,Low
Warrap,Groundnuts,3.76,662.6,31.9,111.3,8.4,5.0,630.2,Medium
Northern Bahr el Ghazal,Maize,0.89,1034.5,30.4,51.0,3.7,3.8,1393.5,Low
Central Equatoria,Sorghum,1.55,760.5,25.3,16.5,5.5,,854.3,Low
Central Equatoria,Sorghum,0.56,869.9,26.2,3.0,4.6,4.6,875.6,Medium
Central Equatoria,Maize,1.84,812.0,26.9,43.7,4.9,2.4,1095.7,Medium
Eastern Equatoria,Sorghum,2.22,806.2,26.9,0.9,6.9,9.1,932.0,Medium
Central Equatoria,Sorghum,1.94,813.8,28.8,9.5,,5.0,977.3,Low
Western Bahr el Ghazal,Groundnuts,2.1,1167.1,30.5,1.0,7.6,4.8,881.1,Low
Warrap,Maize,1.44,761.9,32.1,27.7,4.8,4.1,1155.8,Medium
Northern Bahr el Ghazal,Sorghum,1.46,894.5,29.8,11.0,5.8,7.6,965.3,Low
Western Bahr el Ghazal,Maize,1.41,827.3,27.9,19.9,4.1,3.8,1158.0,Medium
Northern Bahr el Ghazal,Groundnuts,1.09,1029.9,23.8,14.8,3.7,,904.1,Medium
Western Equatoria,Sorghum,1.18,1120.8,29.2,20.8,3.4,3.5,856.9,Medium
Western Equatoria,Groundnuts,2.15,1027.6,29.1,3.1,4.7,7.9,638.3,Medium
Western Bahr el Ghazal,Cassava,3.61,1351.2,29.5,2.6,5.9,6.8,6115.7,Low
Western Equatoria,Maize,0.78,1201.0,34.3,29.2,2.1,4.4,1529.4,Low
Central Equatoria,Groundnuts,1.46,869.5,32.1,13.8,5.4,8.0,784.3,Low
Warrap,Sorghum,0.67,751.1,31.0,14.3,8.2,6.6,884.4,Low
Western Bahr el Ghazal,Cassava,1.1,1085.8,26.6,1.8,7.5,4.4,5772.7,Low
Northern Bahr el Ghazal,Maize,1.23,866.3,27.7,23.1,4.4,4.6,1335.9,Medium
Northern Bahr el Ghazal,Cassava,1.75,1166.9,28.8,20.4,3.0,5.7,5140.6,Low
Eastern Equatoria,Maize,1.72,770.1,27.1,0.7,6.3,3.2,1489.7,Low
Lakes,Sorghum,1.54,811.9,30.3,2.5,1.3,5.0,676.3,High
Western Bahr el Ghazal,Sorghum,2.04,1118.4,29.9,19.3,7.5,5.7,1345.9,Low
Warrap,Groundnuts,0.84,1057.2,26.3,1.8,5.1,1.3,1138.5,Low
Western Bahr el Ghazal,Maize,1.76,1041.0,32.0,7.5,8.8,4.6,1874.6,Low
Western Bahr el Ghazal,Sorghum,2.5,998.4,29.3,3.4,2.4,4.3,986.9,Low
Unity,Groundnuts,0.83,882.2,24.7,16.9,7.2,7.3,894.6,Low
Central Equatoria,Cassava,0.43,1060.7,28.9,17.7,5.3,0.9,6392.2,Low
Unity,Maize,2.94,607.7,29.7,21.5,4.9,4.2,992.9,High
Western Equatoria,Maize,0.68,987.3,31.4,33.6,3.0,3.9,1472.4,Low
Eastern Equatoria,Sorghum,1.06,745.2,28.2,12.1,6.6,7.1,880.7,Medium
Eastern Equatoria,Groundnuts,2.45,770.2,31.1,1.0,6.7,4.9,641.7,Medium
Warrap,Sorghum,0.8,595.3,29.5,48.8,,9.0,842.4,Low
Upper Nile,Cassava,2.81,544.9,25.7,21.4,7.3,6.5,4149.3,Medium
Upper Nile,Maize,0.96,643.2,25.5,11.9,4.4,4.1,1115.5,High
Lakes,Maize,0.88,628.7,31.8,21.3,3.7,5.5,966.6,High
Upper Nile,Sorghum,0.67,679.7,32.0,6.3,3.0,4.2,722.1,Medium
Warrap,Sorghum,0.96,894.0,29.8,10.7,8.2,6.9,1001.9,Low
Central Equatoria,Groundnuts,2.24,,32.7,30.0,4.1,2.1,713.9,Medium
Western Bahr el Ghazal,Maize,1.06,1044.8,31.6,25.2,8.2,3.2,2155.5,Low
Unity,Maize,2.94,472.2,30.7,70.8,6.4,6.0,989.3,High
Eastern Equatoria,Cassava,1.58,646.6,26.7,8.6,6.1,7.7,3327.0,High
Western Bahr el Ghazal,Cassava,1.67,1103.4,33.3,21.2,4.9,0.2,5660.7,Low
Lakes,Cassava,0.86,862.7,30.3,17.2,6.7,8.0,6440.5,Low
Central Equatoria,Sorghum,3.22,806.9,28.0,1.2,5.5,4.7,887.7,Medium
Eastern Equatoria,Maize,2.51,740.1,27.3,7.2,4.8,0.9,1383.1,Medium
Central Equatoria,Cassava,2.47,1245.4,29.6,74.5,6.8,0.0,7353.3,Low
Western Equatoria,Maize,1.38,983.9,24.8,12.8,5.2,1.6,1599.8,Low
Central Equatoria,Sorghum,0.61,811.6,30.7,2.7,4.1,5.0,794.3,High
Lakes,Groundnuts,1.73,747.3,26.6,16.0,6.6,4.9,760.6,Medium
Upper Nile,Maize,2.18,790.1,29.9,33.6,5.4,6.4,1517.6,Low
Northern Bahr el Ghazal,Maize,2.19,969.3,27.7,50.5,6.4,3.8,1512.0,Low
Lakes,Cassava,2.01,768.7,28.3,26.1,4.7,2.6,4014.4,Medium
Warrap,Maize,1.95,582.3,27.1,8.1,3.3,4.1,917.1,High
Upper Nile,Maize,0.95,631.9,28.6,28.1,8.6,5.1,1177.8,Medium
Central Equatoria,Maize,0.99,893.2,33.7,25.5,8.3,5.5,1564.1,Low
Central Equatoria,Maize,0.68,890.8,32.5,64.0,7.1,3.3,1876.9,Low
Warrap,Sorghum,2.96,713.8,29.9,25.2,4.8,7.0,884.7,Medium
